Date,Open,High,Low,Close,Adj Close,Volume
02/01/2019,61.220001,63.026001,59.759998,62.023998,62.023998,58293000
03/01/2019,61.400002,61.880001,59.476002,60.071999,60.071999,34826000
04/01/2019,61.200001,63.599998,60.546001,63.537998,63.537998,36970500
07/01/2019,64.344002,67.348,63.549999,66.991997,66.991997,37756000
08/01/2019,68.391998,68.802002,65.403999,67.07,67.07,35042500
09/01/2019,67.099998,68.699997,66.293999,67.706001,67.706001,27164500
10/01/2019,66.879997,69.078003,66.358002,68.994003,68.994003,30282000
11/01/2019,68.417999,69.681999,67.753998,69.452003,69.452003,25195500
14/01/2019,68.475998,68.5,66.800003,66.879997,66.879997,26236500
15/01/2019,67,69.760002,66.900002,68.886002,68.886002,30283000
16/01/2019,68.956001,70.400002,68.699997,69.209999,69.209999,23458500
17/01/2019,69.241997,70.300003,68.830002,69.461998,69.461998,18383500
18/01/2019,64.599998,65.426003,59.945999,60.452,60.452,120754000
22/01/2019,60.964001,61.599998,59.099998,59.784,59.784,60333500
23/01/2019,58.5,58.900002,56.338001,57.518002,57.518002,62650000
24/01/2019,56.605999,58.736,55.855999,58.301998,58.301998,40061000
25/01/2019,58.877998,59.703999,57.91,59.408001,59.408001,36248000
28/01/2019,58.582001,59.492001,57.549999,59.276001,59.276001,32116500
29/01/2019,59.054001,59.712002,58.360001,59.492001,59.492001,23108500
30/01/2019,60.09,61.799999,59.698002,61.754002,61.754002,56251500
31/01/2019,60.200001,62.312,58.799999,61.403999,61.403999,62846000
01/02/2019,61.084,63.220001,60.700001,62.442001,62.442001,36417000
04/02/2019,62.596001,63.060001,60.375999,62.577999,62.577999,36760500
05/02/2019,62.498001,64.487999,62.450001,64.269997,64.269997,33714000
06/02/2019,63.917999,64.848,63.124001,63.444,63.444,25192500
07/02/2019,62.66,62.939999,60.599998,61.501999,61.501999,32603000
08/02/2019,61.366001,61.490002,59.700001,61.16,61.16,29221000
11/02/2019,62.32,63.720001,62.099998,62.568001,62.568001,35648500
12/02/2019,63.240002,63.638,61.924,62.362,62.362,27588000
13/02/2019,62.470001,62.549999,61.113998,61.633999,61.633999,25708000
14/02/2019,60.675999,61.354,60.200001,60.754002,60.754002,26004000
15/02/2019,60.900002,61.599998,60.779999,61.576,61.576,19524500
19/02/2019,61.312,62.307999,61.094002,61.127998,61.127998,20842000
20/02/2019,60.882,61.259998,59.799999,60.512001,60.512001,35710500
21/02/2019,60.362,60.647999,58.099998,58.245998,58.245998,44546000
22/02/2019,58.897999,59.299999,58.419998,58.942001,58.942001,28703000
25/02/2019,59.582001,60.580002,59.400002,59.754002,59.754002,33132500
26/02/2019,58.444,60.402,57.754002,59.571999,59.571999,42912500
27/02/2019,60.355999,63.259998,60.110001,62.948002,62.948002,55919500
28/02/2019,63.784,64,62.161999,63.976002,63.976002,52603500
01/03/2019,61.388,61.425999,58.380001,58.958,58.958,114557000
04/03/2019,59.624001,59.799999,56.556,57.071999,57.071999,85484000
05/03/2019,56.400002,56.799999,54.02,55.307999,55.307999,93823500
06/03/2019,55.296001,56.301998,54.877998,55.248001,55.248001,51677500
07/03/2019,55.768002,56.939999,54.849998,55.318001,55.318001,47212500
08/03/2019,55.382,57.118,55.178001,56.827999,56.827999,44098000
11/03/2019,56.703999,58.256001,56.099998,58.183998,58.183998,36961500
12/03/2019,57.298,57.613998,56.212002,56.672001,56.672001,37520500
13/03/2019,56.779999,58.397999,56.540001,57.792,57.792,34223500
14/03/2019,58.490002,59.077999,57.658001,57.992001,57.992001,35517000
15/03/2019,56.702,56.743999,54.880001,55.085999,55.085999,73927500
18/03/2019,55.200001,55.610001,53.459999,53.897999,53.897999,51405000
19/03/2019,53.5,54.66,52.692001,53.493999,53.493999,59003000
20/03/2019,53.938,54.993999,53.259998,54.720001,54.720001,34541000
21/03/2019,54.52,55.290001,53.689999,54.804001,54.804001,29735500
22/03/2019,54.515999,54.560001,52.799999,52.905998,52.905998,43728000
25/03/2019,51.942001,52.636002,50.891998,52.084,52.084,51075000
26/03/2019,52.888,54.051998,52.886002,53.554001,53.554001,36754500
27/03/2019,53.75,55.074001,53.636002,54.966,54.966,43896000
28/03/2019,55.431999,56.066002,55.02,55.723999,55.723999,33870500
29/03/2019,55.740002,56.032001,54.900002,55.972,55.972,29956500
01/04/2019,56.523998,57.84,56.256001,57.835999,57.835999,40552000
02/04/2019,57.66,57.888,56.776001,57.175999,57.175999,27394500
03/04/2019,57.464001,59.234001,57.433998,58.362,58.362,39597000
04/04/2019,52.377998,54.240002,52.118,53.556,53.556,118603500
05/04/2019,53.972,55.220001,53.222,54.992001,54.992001,65191500
08/04/2019,55.537998,56.231998,54.088001,54.639999,54.639999,52052000
09/04/2019,54.330002,55,53.922001,54.462002,54.462002,29520000
10/04/2019,55.348,55.675999,54.577999,55.212002,55.212002,35306500
11/04/2019,53.66,54.099998,53.119999,53.683998,53.683998,49179500
12/04/2019,54.043999,54.389999,53.366001,53.540001,53.540001,33730000
15/04/2019,53.726002,53.776001,51.726002,53.276001,53.276001,50193000
16/04/2019,53.150002,55,52.944,54.672001,54.672001,36364500
17/04/2019,54.950001,54.958,53.708,54.245998,54.245998,25632500
18/04/2019,54.245998,54.967999,53.950001,54.652,54.652,29381500
22/04/2019,53.799999,53.936001,52.495998,52.549999,52.549999,60735500
23/04/2019,52.029999,53.119999,51.150002,52.779999,52.779999,54719500
24/04/2019,52.77,53.063999,51.599998,51.731998,51.731998,53637500
25/04/2019,51,51.799999,49.214001,49.526001,49.526001,109247000
26/04/2019,49.299999,49.335999,46.226002,47.028,47.028,111803500
29/04/2019,47.172001,48.796001,46.433998,48.293999,48.293999,83572500
30/04/2019,48.411999,48.841999,47.400002,47.737999,47.737999,47323000
01/05/2019,47.77,48,46.299999,46.801998,46.801998,53522000
02/05/2019,49.104,49.425999,47.543999,48.82,48.82,90796500
03/05/2019,48.771999,51.321999,48.698002,51.006001,51.006001,118534000
06/05/2019,50.004002,51.669998,49.700001,51.068001,51.068001,54169500
07/05/2019,51.360001,51.442001,49.02,49.411999,49.411999,50657000
08/05/2019,49.388,50.119999,48.84,48.967999,48.967999,30882000
09/05/2019,48.400002,48.736,47.388,48.396,48.396,33557000
10/05/2019,47.950001,48.397999,47.203999,47.903999,47.903999,35041500
13/05/2019,46.402,46.493999,44.900002,45.402,45.402,54174000
14/05/2019,45.860001,46.900002,45.599998,46.462002,46.462002,36262000
15/05/2019,45.863998,46.487999,45.049999,46.389999,46.389999,36480000
16/05/2019,45.897999,46.200001,45.299999,45.666,45.666,37416500
17/05/2019,44.391998,44.448002,41.784,42.206001,42.206001,88933500
20/05/2019,40.560001,41.200001,39.049999,41.071999,41.071999,102631000
21/05/2019,39.551998,41.48,39.208,41.015999,41.015999,90019500
22/05/2019,39.82,40.787998,38.355999,38.546001,38.546001,93426000
23/05/2019,38.868,39.894001,37.243999,39.098,39.098,132735500
24/05/2019,39.966,39.995998,37.75,38.125999,38.125999,70683000
28/05/2019,38.240002,39,37.57,37.740002,37.740002,51564500
29/05/2019,37.419998,38.478001,37.007999,37.972,37.972,59843000
30/05/2019,37.75,38.452,37.403999,37.644001,37.644001,39632500
31/05/2019,37.02,37.984001,36.82,37.032001,37.032001,52033500
03/06/2019,37.102001,37.335999,35.397999,35.793999,35.793999,65322000
04/06/2019,36.220001,38.796001,35.922001,38.720001,38.720001,69037500
05/06/2019,39.736,40.256001,38.369999,39.318001,39.318001,67554000
06/06/2019,40.888,42.200001,40.360001,41.189999,41.189999,101211000
07/06/2019,41,42.167999,40.700001,40.900002,40.900002,80017500
10/06/2019,42.049999,43.388,41.801998,42.576,42.576,52925000
11/06/2019,43.827999,44.18,42.700001,43.419998,43.419998,58267500
12/06/2019,44.59,44.675999,41.799999,41.852001,41.852001,75987500
13/06/2019,42.076,42.98,41.501999,42.782001,42.782001,40841500
14/06/2019,42.25,43.330002,42.080002,42.984001,42.984001,37167000
17/06/2019,43.096001,45.400002,42.854,45.006001,45.006001,61584000
18/06/2019,45.743999,46.948002,44.512001,44.948002,44.948002,63579000
19/06/2019,45.021999,45.554001,44.212002,45.285999,45.285999,32875500
20/06/2019,44.599998,45.380001,43.27,43.924,43.924,59317500
21/06/2019,43.243999,44.436001,43.099998,44.372002,44.372002,41010500
24/06/2019,44.647999,45.172001,44.203999,44.728001,44.728001,28754000
25/06/2019,44.877998,45.068001,43.897999,43.952,43.952,30910500
26/06/2019,44.062,45.445999,43.619999,43.854,43.854,42536000
27/06/2019,43.889999,44.580002,43.470001,44.568001,44.568001,31698500
28/06/2019,44.198002,45.034,44.16,44.692001,44.692001,34257000
01/07/2019,46.042,46.619999,45.256001,45.433998,45.433998,41067000
02/07/2019,45.778,45.830002,44.444,44.91,44.91,46295000
03/07/2019,47.877998,48.313999,46.902,46.98,46.98,71005500
05/07/2019,46.914001,47.09,46.16,46.619999,46.619999,35328500
08/07/2019,46.248001,46.450001,45.731998,46.068001,46.068001,29402500
09/07/2019,45.793999,46.200001,45.456001,46.012001,46.012001,30954000
10/07/2019,46.830002,47.787998,46.627998,47.784,47.784,45728500
11/07/2019,47.627998,48.299999,47.16,47.720001,47.720001,37572000
12/07/2019,47.950001,49.076,47.942001,49.015999,49.015999,46002500
15/07/2019,49.599998,50.883999,48.972,50.700001,50.700001,55000500
16/07/2019,49.860001,50.706001,49.585999,50.476002,50.476002,40745000
17/07/2019,51.133999,51.661999,50.669998,50.972,50.972,48823500
18/07/2019,51.009998,51.150002,50.377998,50.708,50.708,23793000
19/07/2019,51.138,51.992001,50.924,51.636002,51.636002,35242000
22/07/2019,51.75,52.43,50.838001,51.136002,51.136002,34212000
23/07/2019,51.341999,52.096001,50.900002,52.034,52.034,25115500
24/07/2019,51.834,53.214001,51.632,52.976002,52.976002,55364000
25/07/2019,46.700001,46.900002,45.110001,45.764,45.764,112091500
26/07/2019,45.383999,46.051998,44.450001,45.608002,45.608002,50138500
29/07/2019,45.417999,47.188,45.206001,47.153999,47.153999,46366500
30/07/2019,46.580002,48.672001,46.436001,48.452,48.452,40545000
31/07/2019,48.599998,49.335999,47.330002,48.321999,48.321999,45891000
01/08/2019,48.529999,48.902,46.354,46.77,46.77,41297500
02/08/2019,46.27,47.254002,45.846001,46.868,46.868,30682500
05/08/2019,45.919998,46.273998,45.155998,45.664001,45.664001,35141500
06/08/2019,46.375999,46.5,45.150002,46.150002,46.150002,27821000
07/08/2019,45.299999,46.714001,45.16,46.683998,46.683998,23882500
08/08/2019,46.889999,47.959999,46.529999,47.66,47.66,26371500
09/08/2019,47.209999,47.792,46.762001,47.001999,47.001999,19491000
12/08/2019,46.598,47.153999,45.75,45.801998,45.801998,23319500
13/08/2019,45.762001,47.200001,45.509998,47,47,24240500
14/08/2019,46.242001,46.299999,43.338001,43.924,43.924,47813000
15/08/2019,44.172001,44.312,42.310001,43.127998,43.127998,40798000
16/08/2019,43.332001,44.448002,43.203999,43.987999,43.987999,25492500
19/08/2019,44.841999,45.566002,44.34,45.366001,45.366001,26548000
20/08/2019,45.523998,45.818001,44.908001,45.172001,45.172001,20626000
21/08/2019,44.402,44.644001,43.52,44.166,44.166,38971500
22/08/2019,44.560001,45.080002,43.644001,44.43,44.43,32795000
23/08/2019,43.993999,44.234001,42.200001,42.279999,42.279999,42693000
26/08/2019,42.720001,43.004002,42.307999,43,43,25259500
27/08/2019,43.147999,43.759998,42.405998,42.816002,42.816002,27081000
28/08/2019,42.737999,43.450001,42.462002,43.118,43.118,16127500
29/08/2019,43.799999,44.68,43.599998,44.341999,44.341999,25897500
30/08/2019,45.830002,46.487999,44.841999,45.122002,45.122002,46603000
03/09/2019,44.816002,45.790001,44.632,45.001999,45.001999,26770500
04/09/2019,45.377998,45.692001,43.841999,44.136002,44.136002,28805000
05/09/2019,44.5,45.959999,44.169998,45.916,45.916,36976500
06/09/2019,45.439999,45.928001,45.034,45.490002,45.490002,20947000
09/09/2019,46,46.751999,45.846001,46.358002,46.358002,24013500
10/09/2019,46.16,47.108002,45.787998,47.108002,47.108002,24418500
11/09/2019,47.476002,49.633999,47.200001,49.419998,49.419998,50214000
12/09/2019,49.540001,50.700001,48.880001,49.174,49.174,42906000
13/09/2019,49.391998,49.689999,48.973999,49.040001,49.040001,26565500
16/09/2019,49.200001,49.486,48.234001,48.562,48.562,23640500
17/09/2019,48.493999,49.119999,48.074001,48.958,48.958,19327000
18/09/2019,49,49.633999,48.473999,48.698002,48.698002,20851000
19/09/2019,49.200001,49.588001,48.967999,49.32,49.32,23979000
20/09/2019,49.298,49.389999,47.632,48.124001,48.124001,31765000
23/09/2019,48,49.035999,47.844002,48.245998,48.245998,21701000
24/09/2019,48.304001,48.397999,44.521999,44.641998,44.641998,64457500
25/09/2019,44.911999,45.796001,43.672001,45.740002,45.740002,47135500
26/09/2019,46.132,48.661999,45.48,48.512001,48.512001,59422500
27/09/2019,48.439999,49.742001,47.745998,48.425999,48.425999,55582000
30/09/2019,48.599998,48.796001,47.222,48.174,48.174,29399000
01/10/2019,48.299999,49.189999,47.826,48.938,48.938,30813000
02/10/2019,48.658001,48.93,47.886002,48.625999,48.625999,28157000
03/10/2019,46.372002,46.896,44.855999,46.605999,46.605999,75422500
04/10/2019,46.321999,46.956001,45.613998,46.285999,46.285999,39975000
07/10/2019,45.959999,47.712002,45.709999,47.543999,47.543999,40321000
08/10/2019,47.174,48.787998,46.900002,48.009998,48.009998,43391000
09/10/2019,48.264,49.459999,48.130001,48.905998,48.905998,34472000
10/10/2019,49.056,49.855999,48.316002,48.948002,48.948002,31416500
11/10/2019,49.43,50.216,49.362,49.577999,49.577999,42377000
14/10/2019,49.580002,51.709999,49.425999,51.391998,51.391998,51025000
15/10/2019,51.540001,52,50.824001,51.577999,51.577999,32164000
16/10/2019,51.478001,52.419998,51.383999,51.950001,51.950001,33420500
17/10/2019,52.5,52.956001,52.034,52.394001,52.394001,23846500
18/10/2019,52.139999,52.560001,51.02,51.389999,51.389999,28749000
21/10/2019,51.666,51.900002,50.035999,50.700001,50.700001,25101500
22/10/2019,50.863998,51.666,50.169998,51.116001,51.116001,23004000
23/10/2019,50.900002,51.228001,50.27,50.936001,50.936001,26305500
24/10/2019,59.674,60.986,57.84,59.936001,59.936001,148604500
25/10/2019,59.543999,66,59.222,65.625999,65.625999,150030500
28/10/2019,65.508003,68.167999,64.519997,65.542,65.542,94351500
29/10/2019,63.998001,64.860001,62.950001,63.243999,63.243999,63421500
30/10/2019,62.599998,63.757999,61.993999,63.001999,63.001999,48209000
31/10/2019,62.619999,63.799999,62.599998,62.984001,62.984001,25335000
01/11/2019,63.264,63.296001,61.959999,62.661999,62.661999,31919500
04/11/2019,62.959999,64.388,61.852001,63.493999,63.493999,43935000
05/11/2019,63.924,64.702003,63.223999,63.444,63.444,34717000
06/11/2019,63.599998,65.344002,62.900002,65.316002,65.316002,39704500
07/11/2019,65.828003,68.300003,65.603996,67.108002,67.108002,72336500
08/11/2019,66.900002,67.491997,66.5,67.428001,67.428001,30346000
11/11/2019,68.790001,69.837997,68.400002,69.017998,69.017998,49933500
12/11/2019,69.379997,70.073997,68.807999,69.986,69.986,36797000
13/11/2019,71,71.265999,69.036003,69.222,69.222,42100500
14/11/2019,69.222,70.767998,68.582001,69.870003,69.870003,32324500
15/11/2019,70.127998,70.559998,69.671997,70.433998,70.433998,24045000
18/11/2019,70.584,70.629997,69.220001,69.998001,69.998001,22002000
19/11/2019,70.349998,71.998001,69.559998,71.903999,71.903999,38624000
20/11/2019,72,72.239998,69.914001,70.444,70.444,33625500
21/11/2019,70.902,72.167999,70.800003,70.966003,70.966003,30550000
22/11/2019,68.031998,68.199997,66,66.608002,66.608002,84353000
25/11/2019,68.863998,68.914001,66.891998,67.267998,67.267998,61697500
26/11/2019,67.054001,67.099998,65.419998,65.783997,65.783997,39737000
27/11/2019,66.223999,66.786003,65.713997,66.258003,66.258003,27778000
29/11/2019,66.222,66.251999,65.5,65.987999,65.987999,12328000
02/12/2019,65.879997,67.276001,65.737999,66.973999,66.973999,30372500
03/12/2019,66.524002,67.582001,66.438004,67.239998,67.239998,32868500
04/12/2019,67.550003,67.571999,66.57,66.606003,66.606003,27665000
05/12/2019,66.566002,66.884003,65.449997,66.073997,66.073997,18623000
06/12/2019,67,67.772003,66.954002,67.178001,67.178001,38062000
09/12/2019,67.318001,68.889999,67.015999,67.905998,67.905998,45115500
10/12/2019,67.991997,70.146004,67.862,69.767998,69.767998,44141500
11/12/2019,70.375999,71.438004,70.218002,70.540001,70.540001,34489000
12/12/2019,70.984001,72.547997,70.646004,71.935997,71.935997,38819500
13/12/2019,72.209999,73.042,70.928001,71.678001,71.678001,32854500
16/12/2019,72.510002,76.722,72.5,76.300003,76.300003,90871000
17/12/2019,75.797997,77.099998,75.18,75.797997,75.797997,42484000
18/12/2019,76.125999,79.043999,76.115997,78.629997,78.629997,70605000
19/12/2019,79.463997,81.370003,79.300003,80.807999,80.807999,90535500
20/12/2019,82.057999,82.599998,80.038002,81.117996,81.117996,73763500
23/12/2019,82.356003,84.402,82,83.844002,83.844002,66598000
24/12/2019,83.671997,85.094002,82.538002,85.050003,85.050003,40273500
26/12/2019,85.582001,86.695999,85.269997,86.188004,86.188004,53169500
27/12/2019,87,87.061996,85.222,86.075996,86.075996,49728500
30/12/2019,85.758003,85.800003,81.851997,82.940002,82.940002,62932000
31/12/2019,81,84.258003,80.416,83.666,83.666,51428500
02/01/2020,84.900002,86.139999,84.342003,86.052002,86.052002,47660500
03/01/2020,88.099998,90.800003,87.384003,88.601997,88.601997,88892500
06/01/2020,88.094002,90.311996,88,90.307999,90.307999,50665000
07/01/2020,92.279999,94.325996,90.671997,93.811996,93.811996,89410500
08/01/2020,94.739998,99.697998,93.646004,98.428001,98.428001,155721500
09/01/2020,99.419998,99.760002,94.573997,96.267998,96.267998,142202000
10/01/2020,96.358002,96.987999,94.739998,95.629997,95.629997,64797500
13/01/2020,98.699997,105.125999,98.400002,104.972,104.972,132588000
14/01/2020,108.851997,109.482002,104.980003,107.584,107.584,144981000
15/01/2020,105.952003,107.568001,103.358002,103.699997,103.699997,86844000
16/01/2020,98.75,102.891998,98.433998,102.697998,102.697998,108683500
17/01/2020,101.522003,103.134003,100.632004,102.099998,102.099998,68145500
21/01/2020,106.050003,109.716003,105.681999,109.440002,109.440002,89017500
22/01/2020,114.377998,118.900002,111.82,113.912003,113.912003,156845000
23/01/2020,112.849998,116.400002,111.120003,114.440002,114.440002,98255000
24/01/2020,114.125999,114.772003,110.851997,112.963997,112.963997,71768000
27/01/2020,108.398003,112.888,107.856003,111.603996,111.603996,68040500
28/01/2020,113.697998,115.362,111.615997,113.379997,113.379997,58942500
29/01/2020,115.138,117.959999,113.486,116.197998,116.197998,89007500
30/01/2020,126.484001,130.175995,123.599998,128.162003,128.162003,145028500
31/01/2020,128,130.600006,126.503998,130.113998,130.113998,78596500
03/02/2020,134.738007,157.227997,134.703995,156,156,235325000
04/02/2020,176.591995,193.798004,166.776001,177.412003,177.412003,304694000
05/02/2020,164.651993,169.195999,140.822006,146.940002,146.940002,242119000
06/02/2020,139.983994,159.166,137.399994,149.792007,149.792007,199404000
07/02/2020,146.110001,153.949997,146,149.613998,149.613998,85317500
10/02/2020,160,163.998001,150.479996,154.255997,154.255997,123446000
11/02/2020,153.757996,156.701996,151.600006,154.876007,154.876007,58487500
12/02/2020,155.574005,157.949997,152.673996,153.457993,153.457993,60112500
13/02/2020,148.367996,163.600006,147,160.800003,160.800003,131446500
14/02/2020,157.444,162.593994,157.100006,160.005997,160.005997,78468500
18/02/2020,168.320007,172,166.472,171.679993,171.679993,81908500
19/02/2020,184.699997,188.955994,180.203995,183.483994,183.483994,127115000
20/02/2020,182.389999,182.399994,171.988007,179.882004,179.882004,88174500
21/02/2020,181.395996,182.612,176.089996,180.199997,180.199997,71574000
24/02/2020,167.800003,172.699997,164.440002,166.757996,166.757996,75961000
25/02/2020,169.800003,171.320007,157.399994,159.981995,159.981995,86452500
26/02/2020,156.5,162.662003,155.222,155.759995,155.759995,70427500
27/02/2020,146,147.953995,133.800003,135.800003,135.800003,121386000
28/02/2020,125.940002,138.104004,122.304001,133.598007,133.598007,121114500
02/03/2020,142.251999,148.738007,137.334,148.723999,148.723999,100975000
03/03/2020,161,161.395996,143.222,149.102005,149.102005,128920000
04/03/2020,152.792007,153.304001,144.945999,149.899994,149.899994,75245000
05/03/2020,144.753998,149.149994,143.613998,144.908005,144.908005,54263500
06/03/2020,138,141.399994,136.854004,140.695999,140.695999,63314500
09/03/2020,121.078003,132.600006,121,121.599998,121.599998,85368500
10/03/2020,131.886002,133.600006,121.599998,129.065994,129.065994,77972000
11/03/2020,128.039993,130.716003,122.599998,126.846001,126.846001,66612500
12/03/2020,116.178001,118.900002,109.25,112.110001,112.110001,94545500
13/03/2020,119,121.514,100.400002,109.323997,109.323997,113201500
16/03/2020,93.900002,98.973999,88.433998,89.014,89.014,102447500
17/03/2020,88.001999,94.370003,79.199997,86.040001,86.040001,119973000
18/03/2020,77.800003,80.972,70.101997,72.244003,72.244003,118931000
19/03/2020,74.940002,90.400002,71.692001,85.528,85.528,150977500
20/03/2020,87.639999,95.400002,85.157997,85.505997,85.505997,141427500
23/03/2020,86.720001,88.400002,82.099998,86.858002,86.858002,82272500
24/03/2020,95.459999,102.737999,94.800003,101,101,114476000
25/03/2020,109.050003,111.400002,102.222,107.849998,107.849998,106113500
26/03/2020,109.477997,112,102.449997,105.632004,105.632004,86903500
27/03/2020,101,105.160004,98.806,102.872002,102.872002,71887000
30/03/2020,102.052002,103.330002,98.246002,100.426003,100.426003,59990500
31/03/2020,100.25,108.592003,99.400002,104.800003,104.800003,88857500
01/04/2020,100.800003,102.790001,95.019997,96.311996,96.311996,66766000
02/04/2020,96.206001,98.851997,89.279999,90.893997,90.893997,99292000
03/04/2020,101.900002,103.098,93.678001,96.001999,96.001999,112810500
06/04/2020,102.239998,104.199997,99.592003,103.248001,103.248001,74509000
07/04/2020,109,113,106.468002,109.089996,109.089996,89599000
08/04/2020,110.839996,111.442001,106.666,109.767998,109.767998,63280000
09/04/2020,112.417999,115.036003,111.421997,114.599998,114.599998,68250000
13/04/2020,118.031998,130.399994,116.106003,130.190002,130.190002,112377000
14/04/2020,139.794006,148.376007,138.485992,141.977997,141.977997,152882500
15/04/2020,148.399994,150.626007,142,145.966003,145.966003,117885000
16/04/2020,143.388,151.889999,141.343994,149.042007,149.042007,103289500
17/04/2020,154.455994,154.990005,149.531998,150.778,150.778,65641000
20/04/2020,146.539993,153.113998,142.442001,149.272003,149.272003,73733000
21/04/2020,146.024002,150.666,134.757996,137.343994,137.343994,101045500
22/04/2020,140.796005,146.800003,137.742004,146.421997,146.421997,70827500
23/04/2020,145.520004,146.800003,140.626007,141.126007,141.126007,66183500
24/04/2020,142.162003,146.145996,139.636002,145.029999,145.029999,66060000
27/04/2020,147.522003,159.897995,147,159.75,159.75,103407000
28/04/2020,159.128006,161,151.337997,153.824005,153.824005,76110000
29/04/2020,158.033997,160.639999,156.632004,160.102005,160.102005,81080000
30/04/2020,171.037994,173.964005,152.699997,156.376007,156.376007,142359500
01/05/2020,151,154.554001,136.608002,140.264008,140.264008,162659000
04/05/2020,140.199997,152.399994,139.600006,152.238007,152.238007,96185500
05/05/2020,157.957993,159.783997,152.436005,153.641998,153.641998,84958500
06/05/2020,155.300003,157.960007,152.222,156.516006,156.516006,55616000
07/05/2020,155.442001,159.279999,154.470001,156.007996,156.007996,57638500
08/05/2020,158.753998,164.800003,157.401993,163.884003,163.884003,80432500
11/05/2020,158.102005,164.800003,157,162.257996,162.257996,82598000
12/05/2020,165.399994,168.658005,161.600006,161.882004,161.882004,79534500
13/05/2020,164.166,165.199997,152.660004,158.192001,158.192001,95327500
14/05/2020,156,160.671997,152.800003,160.666,160.666,68411000
15/05/2020,158.070007,161.009995,157.309998,159.834,159.834,52592000
18/05/2020,165.556,166.944,160.776001,162.725998,162.725998,58329000
19/05/2020,163.033997,164.414001,161.216003,161.602005,161.602005,48182500
20/05/2020,164.100006,165.199997,162.360001,163.112,163.112,36546500
21/05/2020,163.199997,166.5,159.199997,165.520004,165.520004,61273000
22/05/2020,164.434006,166.356003,162.399994,163.376007,163.376007,49937500
26/05/2020,166.899994,166.919998,163.141998,163.774002,163.774002,40448500
27/05/2020,164.171997,165.542007,157,164.046005,164.046005,57747500
28/05/2020,162.701996,164.949997,160.337997,161.162003,161.162003,36278000
29/05/2020,161.75,167,160.841995,167,167,58822500
01/06/2020,171.600006,179.800003,170.820007,179.619995,179.619995,74697500
02/06/2020,178.940002,181.731995,174.199997,176.311996,176.311996,67828000
03/06/2020,177.623993,179.587997,176.020004,176.591995,176.591995,39747500
04/06/2020,177.975998,179.149994,171.688004,172.876007,172.876007,44438500
05/06/2020,175.567993,177.304001,173.240005,177.132004,177.132004,39059500
08/06/2020,183.800003,190,181.832001,189.983994,189.983994,70873500
09/06/2020,188.001999,190.888,184.785995,188.134003,188.134003,56941000
10/06/2020,198.376007,205.496002,196.5,205.009995,205.009995,92817000
11/06/2020,198.039993,203.792007,194.399994,194.567993,194.567993,79582500
12/06/2020,196,197.595993,182.520004,187.056,187.056,83817000
15/06/2020,183.557999,199.768005,181.699997,198.179993,198.179993,78486000
16/06/2020,202.369995,202.576004,192.477997,196.425995,196.425995,70255500
17/06/2020,197.542007,201,196.514008,198.358002,198.358002,49454000
18/06/2020,200.600006,203.839996,198.893997,200.792007,200.792007,48759500
19/06/2020,202.556,203.194,198.268005,200.179993,200.179993,43398500
22/06/2020,199.990005,201.776001,198.003998,198.863998,198.863998,31812000
23/06/2020,199.776001,202.399994,198.802002,200.356003,200.356003,31826500
24/06/2020,198.822006,200.175995,190.628006,192.169998,192.169998,54798000
25/06/2020,190.854004,197.195999,187.429993,197.195999,197.195999,46272500
26/06/2020,198.955994,199,190.973999,191.947998,191.947998,44274500
29/06/2020,193.802002,202,189.703995,201.869995,201.869995,45132000
30/06/2020,201.300003,217.537994,200.746002,215.962006,215.962006,84592500
01/07/2020,216.600006,227.065994,216.100006,223.925995,223.925995,66634500
02/07/2020,244.296005,245.600006,237.119995,241.731995,241.731995,86250500
06/07/2020,255.337997,275.558014,253.207993,274.31601,274.31601,102849500
07/07/2020,281.002014,285.899994,267.34201,277.971985,277.971985,107448500
08/07/2020,281,283.451996,262.268005,273.175995,273.175995,81556500
09/07/2020,279.39801,281.712006,270.256012,278.855988,278.855988,58588000
10/07/2020,279.200012,309.783997,275.201996,308.929993,308.929993,116688000
13/07/2020,331.799988,358.997986,294.221985,299.411987,299.411987,194927000
14/07/2020,311.200012,318,286.200012,303.359985,303.359985,117090500
15/07/2020,308.600006,310,291.399994,309.201996,309.201996,81839000
16/07/2020,295.432007,306.34201,293.200012,300.127991,300.127991,71504000
17/07/2020,302.690002,307.502014,298,300.167999,300.167999,46650000
20/07/2020,303.802002,330,297.600006,328.600006,328.600006,85607000
21/07/2020,327.985992,335,311.600006,313.671997,313.671997,80536000
22/07/2020,319.799988,325.283997,312.399994,318.466003,318.466003,70805500
23/07/2020,335.790009,337.799988,296.153992,302.614014,302.614014,121642500
24/07/2020,283.201996,293,273.308014,283.399994,283.399994,96983000
27/07/2020,287,309.588013,282.600006,307.920013,307.920013,80243500
28/07/2020,300.799988,312.940002,294.884003,295.298004,295.298004,79043500
29/07/2020,300.200012,306.962006,297.399994,299.821991,299.821991,47134500
30/07/2020,297.600006,302.64801,294.200012,297.497986,297.497986,38105000
31/07/2020,303,303.410004,284.196014,286.152008,286.152008,61041000
03/08/2020,289.839996,301.962006,288.876007,297,297,44046500
04/08/2020,299.002014,305.481995,292.399994,297.399994,297.399994,42075000
05/08/2020,298.597992,299.967987,293.661987,297.003998,297.003998,24739000
06/08/2020,298.165985,303.462006,295.451996,297.915985,297.915985,29961500
07/08/2020,299.90799,299.950012,283.002014,290.541992,290.541992,44482000
10/08/2020,289.600006,291.5,277.167999,283.713989,283.713989,37611500
11/08/2020,279.200012,284,273,274.877991,274.877991,43129000
12/08/2020,294,317,287,310.951996,310.951996,109147000
13/08/2020,322.200012,330.235992,313.451996,324.200012,324.200012,102126500
14/08/2020,332.997986,333.76001,325.328003,330.141998,330.141998,62888000
17/08/2020,335.399994,369.171997,334.56601,367.127991,367.127991,101211500
18/08/2020,379.798004,384.779999,369.022003,377.417999,377.417999,82372500
19/08/2020,373,382.200012,368.242004,375.705994,375.705994,61026500
20/08/2020,372.135986,404.39801,371.411987,400.365997,400.365997,103059000
21/08/2020,408.951996,419.097992,405.01001,409.996002,409.996002,107448000
24/08/2020,425.256012,425.799988,385.503998,402.839996,402.839996,100318000
25/08/2020,394.977997,405.589996,393.600006,404.667999,404.667999,53294500
26/08/2020,412,433.200012,410.726013,430.634003,430.634003,71197000
27/08/2020,436.09201,459.119995,428.5,447.75,447.75,118465000
28/08/2020,459.023987,463.697998,437.303986,442.679993,442.679993,100406000
31/08/2020,444.609985,500.140015,440.109985,498.320007,498.320007,118374400
01/09/2020,502.140015,502.48999,470.51001,475.049988,475.049988,89841100
02/09/2020,478.98999,479.040009,405.119995,447.369995,447.369995,96176100
03/09/2020,407.230011,431.799988,402,407,407,87596100
04/09/2020,402.809998,428,372.019989,418.320007,418.320007,110321900
08/09/2020,356,368.73999,329.880005,330.209991,330.209991,115465700
09/09/2020,356.600006,369,341.51001,366.279999,366.279999,79465800
10/09/2020,386.209991,398.98999,360.559998,371.339996,371.339996,84930600
11/09/2020,381.940002,382.5,360.5,372.720001,372.720001,60717500
14/09/2020,380.950012,420,373.299988,419.619995,419.619995,83020600
15/09/2020,436.559998,461.940002,430.700012,449.76001,449.76001,97298200
16/09/2020,439.869995,457.790009,435.309998,441.76001,441.76001,72279300
17/09/2020,415.600006,437.790009,408,423.429993,423.429993,76779200
18/09/2020,447.940002,451,428.799988,442.149994,442.149994,86406800
21/09/2020,453.130005,455.679993,407.070007,449.390015,449.390015,109476800
22/09/2020,429.600006,437.76001,417.600006,424.230011,424.230011,79580800
23/09/2020,405.160004,412.149994,375.880005,380.359985,380.359985,95074200
24/09/2020,363.799988,399.5,351.299988,387.790009,387.790009,96561100
25/09/2020,393.470001,408.730011,391.299988,407.339996,407.339996,67208500
28/09/2020,424.619995,428.079987,415.549988,421.200012,421.200012,49719600
29/09/2020,416,428.5,411.600006,419.070007,419.070007,50219300
30/09/2020,421.320007,433.929993,420.470001,429.01001,429.01001,48145600
01/10/2020,440.76001,448.880005,434.420013,448.160004,448.160004,50741500
02/10/2020,421.390015,439.130005,415,415.089996,415.089996,71430000
05/10/2020,423.350006,433.640015,419.329987,425.679993,425.679993,44722800
06/10/2020,423.790009,428.779999,406.049988,413.980011,413.980011,49146300
07/10/2020,419.869995,429.899994,413.850006,425.299988,425.299988,43127700
08/10/2020,438.440002,439,425.299988,425.920013,425.920013,40421100
09/10/2020,430.130005,434.589996,426.459991,434,434,28925700
12/10/2020,442,448.73999,438.579987,442.299988,442.299988,38791100
13/10/2020,443.350006,448.890015,436.600006,446.649994,446.649994,34463700
14/10/2020,449.779999,465.899994,447.350006,461.299988,461.299988,47879700
15/10/2020,450.309998,456.570007,442.5,448.880005,448.880005,35672400
16/10/2020,454.440002,455.950012,438.850006,439.670013,439.670013,32775900
19/10/2020,446.23999,447,428.869995,430.829987,430.829987,36287800
20/10/2020,431.75,431.75,419.049988,421.940002,421.940002,31656300
21/10/2020,422.700012,432.950012,421.25,422.640015,422.640015,32370500
22/10/2020,441.920013,445.230011,424.51001,425.790009,425.790009,39993200
23/10/2020,421.839996,422.890015,407.380005,420.630005,420.630005,33717000
26/10/2020,411.630005,425.76001,410,420.279999,420.279999,28239200
27/10/2020,423.76001,430.5,420.100006,424.679993,424.679993,22686500
28/10/2020,416.480011,418.600006,406,406.019989,406.019989,25451400
29/10/2020,409.959991,418.059998,406.459991,410.829987,410.829987,22655300
30/10/2020,406.899994,407.589996,379.109985,388.040009,388.040009,42511300
02/11/2020,394,406.980011,392.299988,400.51001,400.51001,29021100
03/11/2020,409.730011,427.769989,406.690002,423.899994,423.899994,34351700
04/11/2020,430.619995,435.399994,417.100006,420.980011,420.980011,32143100
05/11/2020,428.299988,440,424,438.089996,438.089996,28414500
06/11/2020,436.100006,436.570007,424.279999,429.950012,429.950012,21706000
09/11/2020,439.5,452.5,421,421.26001,421.26001,34833000
10/11/2020,420.089996,420.089996,396.029999,410.359985,410.359985,30284200
11/11/2020,416.450012,418.700012,410.579987,417.130005,417.130005,17357700
12/11/2020,415.049988,423,409.519989,411.76001,411.76001,19855100
13/11/2020,410.850006,412.529999,401.660004,408.5,408.5,19771100
16/11/2020,408.929993,412.450012,404.089996,408.089996,408.089996,26838600
17/11/2020,460.170013,462,433.01001,441.609985,441.609985,61188300
18/11/2020,448.350006,496,443.5,486.640015,486.640015,78044000
19/11/2020,492,508.609985,487.570007,499.269989,499.269989,62475300
20/11/2020,497.98999,502.5,489.059998,489.609985,489.609985,32911900
23/11/2020,503.5,526,501.790009,521.849976,521.849976,50260300
24/11/2020,540.400024,559.98999,526.200012,555.380005,555.380005,53648500
25/11/2020,550.059998,574,545.369995,574,574,48930200
27/11/2020,581.159973,598.780029,578.450012,585.76001,585.76001,37561100
30/11/2020,602.210022,607.799988,554.51001,567.599976,567.599976,63003100
01/12/2020,597.590027,597.849976,572.049988,584.76001,584.76001,40103500
02/12/2020,556.440002,571.539978,541.210022,568.820007,568.820007,47775700
03/12/2020,590.02002,598.969971,582.429993,593.380005,593.380005,42552000
04/12/2020,591.01001,599.039978,585.5,599.039978,599.039978,29401300
07/12/2020,604.919983,648.789978,603.049988,641.76001,641.76001,56309700
08/12/2020,625.51001,651.280029,618.5,649.880005,649.880005,64265000
09/12/2020,653.690002,654.320007,588,604.47998,604.47998,71291200
10/12/2020,574.369995,627.75,566.340027,627.070007,627.070007,67083200
11/12/2020,615.01001,624,596.799988,609.98999,609.98999,46475000
14/12/2020,619,642.75,610.200012,639.830017,639.830017,52040600
15/12/2020,643.280029,646.900024,623.799988,633.25,633.25,45071500
16/12/2020,628.22998,632.5,605,622.77002,622.77002,42095800
17/12/2020,628.190002,658.820007,619.5,655.900024,655.900024,56270100
18/12/2020,668.900024,695,628.539978,695,695,222126200
21/12/2020,666.23999,668.5,646.070007,649.859985,649.859985,58045300
22/12/2020,648,649.880005,614.22998,640.340027,640.340027,51716000
23/12/2020,632.200012,651.5,622.570007,645.97998,645.97998,33173000
24/12/2020,642.98999,666.090027,641,661.77002,661.77002,22865600
28/12/2020,674.51001,681.400024,660.799988,663.690002,663.690002,32278600
29/12/2020,661,669.900024,655,665.98999,665.98999,22910800
30/12/2020,672,696.599976,668.359985,694.780029,694.780029,42846000
31/12/2020,699.98999,718.719971,691.119995,705.669983,705.669983,49649900
04/01/2021,719.460022,744.48999,717.190002,729.77002,729.77002,48638200
05/01/2021,723.659973,740.840027,719.200012,735.109985,735.109985,32245200
06/01/2021,758.48999,774,749.099976,755.97998,755.97998,44700000
07/01/2021,777.630005,816.98999,775.200012,816.039978,816.039978,51498900
08/01/2021,856,884.48999,838.390015,880.02002,880.02002,75055500
11/01/2021,849.400024,854.429993,803.619995,811.190002,811.190002,59301600
12/01/2021,831,868,827.340027,849.440002,849.440002,46270700
13/01/2021,852.76001,860.469971,832,854.409973,854.409973,33312500
14/01/2021,843.390015,863,838.75,845,845,31266300
15/01/2021,852,859.900024,819.099976,826.159973,826.159973,38777600
19/01/2021,837.799988,850,833,844.549988,844.549988,25367000
20/01/2021,858.73999,859.5,837.280029,850.450012,850.450012,25665900
21/01/2021,855,855.719971,841.419983,844.98999,844.98999,20521100
22/01/2021,834.309998,848,828.619995,846.640015,846.640015,20066500
25/01/2021,855,900.400024,838.820007,880.799988,880.799988,41173400
26/01/2021,891.380005,895.900024,871.599976,883.090027,883.090027,23131600
27/01/2021,870.349976,891.5,858.659973,864.159973,864.159973,27334000
28/01/2021,820,848,801,835.429993,835.429993,26378000
29/01/2021,830,842.409973,780.099976,793.530029,793.530029,34990800
01/02/2021,814.289978,842,795.559998,839.809998,839.809998,25391400
02/02/2021,844.679993,880.5,842.200012,872.789978,872.789978,24346200
03/02/2021,877.02002,878.080017,853.059998,854.690002,854.690002,18343500
04/02/2021,855,856.5,833.419983,849.98999,849.98999,15812700
05/02/2021,845,864.77002,838.969971,852.22998,852.22998,18566600
08/02/2021,869.669983,877.77002,854.75,863.419983,863.419983,20161700
09/02/2021,855.119995,859.799988,841.75,849.460022,849.460022,15157700
10/02/2021,843.640015,844.820007,800.02002,804.820007,804.820007,36216100
11/02/2021,812.440002,829.880005,801.72998,811.659973,811.659973,21622800
12/02/2021,801.26001,817.330017,785.330017,816.119995,816.119995,23768300
16/02/2021,818,821,792.440002,796.219971,796.219971,19802300
17/02/2021,779.090027,799.840027,762.01001,798.150024,798.150024,25996500
18/02/2021,780.900024,794.690002,776.27002,787.380005,787.380005,17957100
19/02/2021,795,796.789978,777.369995,781.299988,781.299988,18958300
22/02/2021,762.640015,768.5,710.200012,714.5,714.5,37269700
23/02/2021,662.130005,713.609985,619,698.840027,698.840027,66606900
24/02/2021,711.849976,745,694.169983,742.02002,742.02002,36767000
25/02/2021,726.150024,737.210022,670.580017,682.219971,682.219971,39023900
26/02/2021,700,706.700012,659.51001,675.5,675.5,41089200
01/03/2021,690.109985,719,685.049988,718.429993,718.429993,27136200
02/03/2021,718.280029,721.109985,685,686.440002,686.440002,23732200
03/03/2021,687.98999,700.700012,651.710022,653.200012,653.200012,30208000
04/03/2021,655.799988,668.450012,600,621.440002,621.440002,65919500
05/03/2021,626.059998,627.840027,539.48999,597.950012,597.950012,89396500
08/03/2021,600.549988,620.130005,558.789978,563,563,51787000
09/03/2021,608.179993,678.090027,595.210022,673.580017,673.580017,67523300
10/03/2021,700.299988,717.849976,655.059998,668.059998,668.059998,60605700
11/03/2021,699.400024,702.5,677.179993,699.599976,699.599976,36253900
12/03/2021,670,694.880005,666.140015,693.72998,693.72998,33583800
15/03/2021,694.090027,713.179993,684.039978,707.940002,707.940002,29335600
16/03/2021,703.349976,707.919983,671,676.880005,676.880005,32195700
17/03/2021,656.869995,703.72998,651.01001,701.809998,701.809998,40372500
18/03/2021,684.289978,689.22998,652,653.159973,653.159973,33224800
19/03/2021,646.599976,657.22998,624.619995,654.869995,654.869995,42894000
22/03/2021,684.590027,699.619995,668.75,670,670,39512200
23/03/2021,675.77002,677.799988,657.51001,662.159973,662.159973,30491900
24/03/2021,667.909973,668.02002,630.109985,630.27002,630.27002,33795200
25/03/2021,613,645.5,609.5,640.390015,640.390015,39224900
26/03/2021,641.869995,643.820007,599.890015,618.710022,618.710022,33852800
29/03/2021,615.640015,616.47998,596.02002,611.289978,611.289978,28637000
30/03/2021,601.75,637.659973,591.01001,635.619995,635.619995,39432400
31/03/2021,646.619995,672,641.109985,667.929993,667.929993,33337300
01/04/2021,688.369995,692.419983,659.419983,661.75,661.75,35298400
05/04/2021,707.710022,708.159973,684.700012,691.049988,691.049988,41842800
06/04/2021,690.299988,696.549988,681.369995,691.619995,691.619995,28271800
07/04/2021,687,691.380005,667.840027,670.969971,670.969971,26309400
08/04/2021,677.380005,689.549988,671.650024,683.799988,683.799988,23924300
09/04/2021,677.77002,680.969971,669.429993,677.02002,677.02002,21437100
12/04/2021,685.700012,704.799988,682.090027,701.97998,701.97998,29135700
13/04/2021,712.700012,763,710.659973,762.320007,762.320007,44652800
14/04/2021,770.700012,780.789978,728.030029,732.22998,732.22998,49017400
15/04/2021,743.099976,743.690002,721.309998,738.849976,738.849976,27848900
16/04/2021,728.650024,749.409973,724.599976,739.780029,739.780029,27979500
19/04/2021,719.599976,725.400024,691.799988,714.630005,714.630005,39686200
20/04/2021,717.419983,737.25,710.690002,718.98999,718.98999,35609000
21/04/2021,704.77002,744.840027,698,744.119995,744.119995,31215500
22/04/2021,741.5,753.77002,718.039978,719.690002,719.690002,35590300
23/04/2021,719.799988,737.359985,715.460022,729.400024,729.400024,28370000
26/04/2021,741,749.299988,732.609985,738.200012,738.200012,31038500
27/04/2021,717.960022,724,703.349976,704.73999,704.73999,29437000
28/04/2021,696.409973,708.5,693.599976,694.400024,694.400024,22271000
29/04/2021,699.51001,702.25,668.5,677,677,28845400
30/04/2021,667.590027,715.469971,666.140015,709.440002,709.440002,40686400
03/05/2021,703.799988,706,680.5,684.900024,684.900024,27043100
04/05/2021,678.940002,683.450012,657.700012,673.599976,673.599976,29739300
05/05/2021,681.059998,685.299988,667.340027,670.940002,670.940002,21901900
06/05/2021,680.76001,681.02002,650,663.539978,663.539978,27784600
07/05/2021,665.799988,690,660.219971,672.369995,672.369995,23422100
10/05/2021,664.900024,665.049988,627.609985,629.039978,629.039978,31392400
11/05/2021,599.23999,627.099976,595.599976,617.200012,617.200012,46503900
12/05/2021,602.48999,620.409973,586.77002,589.890015,589.890015,33823600
13/05/2021,601.539978,606.460022,559.650024,571.690002,571.690002,44184900
14/05/2021,583.409973,592.869995,570.460022,589.73999,589.73999,33230600
17/05/2021,575.549988,589.72998,561.200012,576.830017,576.830017,32291700
,,,,,,
,,,,,,
,,,,,,
,,,,,,
,,,,,,
,,,,,,
,,,,,,
,,,,,,
,,,,,,
,,,,,,
,,,,,,
,,,,,,
,,,,,,
